Date,1 Mo,2 Mo,3 Mo,6 Mo,1 Yr,2 Yr,3 Yr,5 Yr,7 Yr,10 Yr,20 Yr,30 Yr
01/02/2019,2.4,2.4,2.42,2.51,2.6,2.5,2.47,2.49,2.56,2.66,2.83,2.97
01/03/2019,2.42,2.42,2.41,2.47,2.5,2.39,2.35,2.37,2.44,2.56,2.75,2.92
01/04/2019,2.4,2.42,2.42,2.51,2.57,2.5,2.47,2.49,2.56,2.67,2.83,2.98
01/07/2019,2.42,2.42,2.45,2.54,2.58,2.53,2.51,2.53,2.6,2.7,2.86,2.99
01/08/2019,2.4,2.42,2.46,2.54,2.6,2.58,2.57,2.58,2.63,2.73,2.88,3
01/09/2019,2.4,2.42,2.45,2.52,2.59,2.56,2.54,2.57,2.64,2.74,2.9,3.03
01/10/2019,2.42,2.42,2.43,2.51,2.59,2.56,2.54,2.56,2.63,2.74,2.92,3.06
01/11/2019,2.41,2.43,2.43,2.5,2.58,2.55,2.51,2.52,2.6,2.71,2.9,3.04
01/14/19,2.42,2.43,2.45,2.52,2.57,2.53,2.51,2.53,2.6,2.71,2.91,3.06
01/15/19,2.41,2.43,2.45,2.52,2.57,2.53,2.51,2.53,2.61,2.72,2.92,3.08
01/16/19,2.41,2.4,2.43,2.49,2.57,2.55,2.53,2.54,2.62,2.73,2.92,3.07
01/17/19,2.41,2.41,2.42,2.5,2.57,2.56,2.55,2.58,2.66,2.75,2.93,3.07
01/18/19,2.4,2.4,2.41,2.5,2.6,2.62,2.6,2.62,2.7,2.79,2.95,3.09
01/22/19,2.38,2.4,2.43,2.51,2.59,2.58,2.55,2.57,2.65,2.74,2.91,3.06
01/23/19,2.37,2.38,2.41,2.51,2.59,2.58,2.57,2.59,2.66,2.76,2.93,3.07
01/24/19,2.38,2.41,2.37,2.5,2.58,2.56,2.54,2.55,2.62,2.72,2.89,3.04
01/25/19,2.36,2.41,2.39,2.51,2.6,2.6,2.58,2.59,2.66,2.76,2.92,3.06
01/28/19,2.39,2.41,2.42,2.51,2.6,2.6,2.58,2.58,2.65,2.75,2.92,3.06
01/29/19,2.39,2.41,2.42,2.51,2.6,2.56,2.54,2.55,2.61,2.72,2.9,3.04
01/30/19,2.4,2.39,2.42,2.5,2.57,2.52,2.49,2.49,2.58,2.7,2.9,3.06
01/31/19,2.42,2.43,2.41,2.46,2.55,2.45,2.43,2.43,2.51,2.63,2.83,2.99
02/01/2019,2.41,2.42,2.4,2.46,2.56,2.52,2.5,2.51,2.59,2.7,2.88,3.03
02/04/2019,2.41,2.41,2.42,2.49,2.57,2.53,2.52,2.53,2.62,2.73,2.92,3.06
02/05/2019,2.39,2.4,2.42,2.5,2.56,2.53,2.5,2.51,2.6,2.71,2.89,3.03
02/06/2019,2.4,2.41,2.42,2.5,2.56,2.52,2.5,2.5,2.59,2.7,2.88,3.03
02/07/2019,2.43,2.43,2.42,2.49,2.55,2.48,2.46,2.46,2.54,2.65,2.85,3
02/08/2019,2.43,2.43,2.43,2.49,2.54,2.45,2.43,2.44,2.53,2.63,2.82,2.97
02/11/2019,2.44,2.44,2.45,2.51,2.55,2.48,2.47,2.47,2.56,2.65,2.85,3
02/12/2019,2.42,2.43,2.43,2.5,2.55,2.5,2.48,2.49,2.58,2.68,2.87,3.02
02/13/19,2.42,2.42,2.44,2.51,2.55,2.53,2.52,2.53,2.61,2.71,2.89,3.04
02/14/19,2.45,2.43,2.43,2.51,2.53,2.5,2.48,2.48,2.56,2.66,2.85,3.01
02/15/19,2.43,2.43,2.43,2.5,2.55,2.52,2.5,2.49,2.57,2.66,2.84,3
02/19/19,2.44,2.42,2.45,2.52,2.54,2.5,2.47,2.47,2.55,2.65,2.84,2.99
02/20/19,2.41,2.42,2.45,2.51,2.54,2.5,2.47,2.47,2.55,2.65,2.84,3
02/21/19,2.43,2.44,2.45,2.51,2.55,2.53,2.49,2.51,2.59,2.69,2.89,3.05
02/22/19,2.43,2.45,2.46,2.51,2.55,2.48,2.46,2.47,2.55,2.65,2.86,3.02
02/25/19,2.44,2.46,2.47,2.51,2.56,2.51,2.48,2.48,2.57,2.67,2.87,3.03
02/26/19,2.43,2.44,2.45,2.51,2.55,2.48,2.44,2.45,2.54,2.64,2.84,3.01
02/27/19,2.43,2.44,2.45,2.52,2.54,2.5,2.48,2.49,2.59,2.69,2.91,3.07
02/28/19,2.44,2.47,2.45,2.5,2.54,2.52,2.5,2.52,2.63,2.73,2.94,3.09
03/01/2019,2.44,2.46,2.44,2.52,2.55,2.55,2.54,2.56,2.67,2.76,2.97,3.13
03/04/2019,2.45,2.46,2.46,2.54,2.54,2.55,2.52,2.53,2.63,2.72,2.93,3.09
03/05/2019,2.44,2.45,2.46,2.53,2.54,2.55,2.52,2.53,2.63,2.72,2.93,3.08
03/06/2019,2.43,2.44,2.47,2.53,2.54,2.52,2.49,2.49,2.59,2.69,2.9,3.06
03/07/2019,2.45,2.46,2.45,2.52,2.52,2.47,2.44,2.44,2.54,2.64,2.86,3.03
03/08/2019,2.45,2.46,2.46,2.52,2.53,2.45,2.43,2.42,2.51,2.62,2.83,3
03/11/2019,2.44,2.45,2.46,2.54,2.53,2.47,2.45,2.44,2.53,2.64,2.86,3.03
03/12/2019,2.44,2.46,2.46,2.53,2.52,2.45,2.41,2.41,2.5,2.61,2.82,3
03/13/19,2.43,2.44,2.45,2.53,2.53,2.45,2.41,2.42,2.51,2.61,2.82,3.02
03/14/19,2.48,2.46,2.45,2.52,2.52,2.46,2.42,2.43,2.53,2.63,2.86,3.04
03/15/19,2.46,2.46,2.45,2.52,2.52,2.43,2.39,2.4,2.49,2.59,2.83,3.02
03/18/19,2.47,2.46,2.44,2.51,2.52,2.45,2.41,2.42,2.51,2.6,2.83,3.01
03/19/19,2.46,2.47,2.46,2.52,2.5,2.46,2.42,2.42,2.51,2.61,2.84,3.02
03/20/19,2.45,2.45,2.48,2.49,2.47,2.4,2.34,2.34,2.44,2.54,2.79,2.98
03/21/19,2.51,2.47,2.49,2.5,2.48,2.41,2.34,2.34,2.44,2.54,2.78,2.96
03/22/19,2.49,2.48,2.46,2.48,2.45,2.31,2.24,2.24,2.34,2.44,2.69,2.88
03/25/19,2.47,2.47,2.46,2.49,2.41,2.26,2.19,2.21,2.32,2.43,2.68,2.87
03/26/19,2.46,2.44,2.46,2.49,2.44,2.24,2.18,2.18,2.29,2.41,2.67,2.86
03/27/19,2.45,2.43,2.44,2.46,2.4,2.22,2.16,2.18,2.28,2.39,2.63,2.83
03/28/19,2.44,2.45,2.43,2.44,2.4,2.23,2.18,2.2,2.29,2.39,2.62,2.81
03/29/19,2.43,2.44,2.4,2.44,2.4,2.27,2.21,2.23,2.31,2.41,2.63,2.81
04/01/2019,2.42,2.43,2.43,2.46,2.41,2.33,2.29,2.31,2.4,2.49,2.71,2.89
04/02/2019,2.43,2.42,2.42,2.45,2.41,2.3,2.26,2.28,2.38,2.48,2.7,2.88
04/03/2019,2.42,2.43,2.44,2.45,2.41,2.33,2.29,2.32,2.42,2.52,2.75,2.93
04/04/2019,2.43,2.43,2.44,2.46,2.41,2.33,2.29,2.32,2.41,2.51,2.74,2.92
04/05/2019,2.42,2.43,2.44,2.46,2.43,2.35,2.3,2.31,2.4,2.5,2.72,2.91
04/08/2019,2.43,2.44,2.43,2.48,2.43,2.36,2.31,2.33,2.42,2.52,2.74,2.93
04/09/2019,2.42,2.43,2.42,2.46,2.42,2.35,2.31,2.31,2.4,2.51,2.73,2.92
04/10/2019,2.4,2.41,2.43,2.46,2.41,2.31,2.27,2.28,2.37,2.48,2.71,2.9
04/11/2019,2.42,2.43,2.43,2.46,2.44,2.35,2.3,2.31,2.4,2.51,2.74,2.94
04/12/2019,2.41,2.43,2.44,2.47,2.44,2.4,2.36,2.38,2.47,2.56,2.78,2.97
04/15/19,2.42,2.43,2.43,2.46,2.43,2.4,2.36,2.37,2.46,2.55,2.77,2.96
04/16/19,2.43,2.44,2.43,2.47,2.45,2.41,2.38,2.41,2.5,2.6,2.81,2.99
04/17/19,2.43,2.44,2.44,2.47,2.44,2.4,2.37,2.4,2.49,2.59,2.81,2.99
04/18/19,2.44,2.44,2.42,2.47,2.44,2.38,2.36,2.38,2.46,2.57,2.78,2.96
04/22/19,2.44,2.44,2.44,2.47,2.46,2.38,2.36,2.39,2.49,2.59,2.82,2.99
04/23/19,2.43,2.44,2.45,2.46,2.43,2.36,2.34,2.36,2.46,2.57,2.81,2.98
04/24/19,2.42,2.43,2.44,2.46,2.42,2.32,2.28,2.32,2.41,2.53,2.76,2.94
04/25/19,2.43,2.44,2.43,2.46,2.42,2.33,2.29,2.33,2.42,2.54,2.76,2.94
04/26/19,2.42,2.43,2.42,2.46,2.41,2.28,2.25,2.29,2.39,2.51,2.74,2.92
04/29/19,2.45,2.45,2.44,2.47,2.42,2.3,2.27,2.32,2.42,2.54,2.78,2.96
04/30/19,2.43,2.44,2.43,2.46,2.39,2.27,2.24,2.28,2.39,2.51,2.75,2.93
05/01/2019,2.42,2.41,2.43,2.44,2.39,2.31,2.28,2.31,2.41,2.52,2.74,2.92
05/02/2019,2.44,2.46,2.47,2.46,2.41,2.35,2.32,2.34,2.44,2.55,2.77,2.94
05/03/2019,2.42,2.44,2.43,2.46,2.41,2.33,2.3,2.33,2.43,2.54,2.75,2.93
05/06/2019,2.43,2.44,2.44,2.46,2.39,2.31,2.27,2.3,2.4,2.51,2.73,2.91
05/07/2019,2.44,2.44,2.43,2.46,2.37,2.28,2.24,2.25,2.35,2.45,2.68,2.86
05/08/2019,2.42,2.43,2.43,2.45,2.37,2.3,2.26,2.28,2.38,2.49,2.71,2.89
05/09/2019,2.43,2.43,2.43,2.46,2.36,2.26,2.22,2.25,2.34,2.45,2.69,2.87
05/10/2019,2.42,2.43,2.43,2.45,2.36,2.26,2.23,2.26,2.37,2.47,2.7,2.89
05/13/19,2.41,2.42,2.41,2.42,2.32,2.18,2.15,2.18,2.28,2.4,2.65,2.83
05/14/19,2.41,2.42,2.41,2.43,2.32,2.2,2.17,2.2,2.3,2.42,2.67,2.86
05/15/19,2.4,2.41,2.42,2.43,2.3,2.16,2.12,2.15,2.25,2.37,2.63,2.82
05/16/19,2.4,2.41,2.4,2.43,2.33,2.2,2.15,2.18,2.28,2.4,2.65,2.84
05/17/19,2.39,2.4,2.39,2.42,2.33,2.2,2.15,2.17,2.27,2.39,2.63,2.82
05/20/19,2.39,2.39,2.39,2.42,2.34,2.21,2.17,2.21,2.3,2.41,2.65,2.83
05/21/19,2.37,2.38,2.39,2.42,2.36,2.26,2.2,2.23,2.33,2.43,2.67,2.84
05/22/19,2.36,2.37,2.38,2.41,2.37,2.23,2.17,2.19,2.28,2.39,2.64,2.82
05/23/19,2.38,2.38,2.37,2.4,2.32,2.12,2.08,2.11,2.2,2.31,2.56,2.75
05/24/19,2.37,2.38,2.35,2.39,2.33,2.16,2.1,2.12,2.22,2.32,2.57,2.75
05/28/19,2.35,2.36,2.37,2.38,2.31,2.12,2.06,2.06,2.16,2.26,2.52,2.7
05/29/19,2.35,2.36,2.37,2.38,2.3,2.09,2.04,2.05,2.16,2.25,2.5,2.69
05/30/19,2.37,2.38,2.38,2.4,2.29,2.06,2,2.03,2.12,2.22,2.46,2.65
05/31/19,2.35,2.38,2.35,2.35,2.21,1.95,1.9,1.93,2.03,2.14,2.39,2.58
06/03/2019,2.36,2.36,2.35,2.31,2.11,1.82,1.79,1.83,1.95,2.07,2.34,2.53
06/04/2019,2.34,2.36,2.35,2.29,2.11,1.88,1.84,1.89,2.01,2.12,2.41,2.6
06/05/2019,2.31,2.35,2.35,2.25,2.04,1.83,1.81,1.86,2,2.12,2.42,2.63
06/06/2019,2.32,2.35,2.33,2.22,2.02,1.88,1.85,1.88,2.01,2.12,2.42,2.62
06/07/2019,2.3,2.32,2.28,2.15,1.97,1.85,1.82,1.85,1.97,2.09,2.36,2.57
06/10/2019,2.3,2.31,2.29,2.21,2.03,1.9,1.87,1.91,2.03,2.15,2.42,2.62
06/11/2019,2.27,2.26,2.27,2.21,2.05,1.93,1.87,1.92,2.03,2.15,2.42,2.62
06/12/2019,2.19,2.22,2.24,2.2,2.02,1.88,1.83,1.88,2,2.13,2.41,2.62
06/13/19,2.24,2.23,2.19,2.18,2,1.83,1.78,1.84,1.96,2.1,2.39,2.61
06/14/19,2.23,2.21,2.2,2.18,2,1.84,1.79,1.85,1.96,2.09,2.38,2.59
06/17/19,2.22,2.21,2.23,2.2,2.03,1.86,1.8,1.85,1.96,2.09,2.37,2.58
06/18/19,2.18,2.2,2.22,2.2,2.04,1.86,1.8,1.83,1.93,2.06,2.34,2.55
06/19/19,2.14,2.18,2.18,2.11,1.96,1.74,1.7,1.77,1.89,2.03,2.32,2.54
06/20/19,2.17,2.15,2.14,2.04,1.91,1.72,1.69,1.74,1.87,2.01,2.31,2.53
06/21/19,2.16,2.16,2.11,2.05,1.95,1.77,1.74,1.8,1.93,2.07,2.37,2.59
06/24/19,2.12,2.13,2.13,2.1,1.92,1.72,1.69,1.75,1.88,2.02,2.33,2.55
06/25/19,2.11,2.12,2.12,2.1,1.93,1.71,1.67,1.73,1.86,2,2.31,2.53
06/26/19,2.11,2.12,2.15,2.12,1.96,1.77,1.74,1.8,1.92,2.05,2.35,2.57
06/27/19,2.19,2.15,2.14,2.12,1.93,1.74,1.71,1.76,1.88,2.01,2.31,2.52
06/28/19,2.18,2.15,2.12,2.09,1.92,1.75,1.71,1.76,1.87,2,2.31,2.52
07/01/2019,2.17,2.16,2.21,2.1,1.94,1.78,1.74,1.79,1.9,2.03,2.34,2.55
07/02/2019,2.21,2.17,2.2,2.09,1.91,1.77,1.71,1.75,1.85,1.98,2.29,2.51
07/03/2019,2.25,2.2,2.21,2.08,1.91,1.77,1.71,1.74,1.83,1.96,2.25,2.47
07/05/2019,2.26,2.22,2.23,2.14,1.98,1.87,1.82,1.84,1.93,2.04,2.34,2.54
07/08/2019,2.23,2.24,2.26,2.14,1.99,1.88,1.84,1.86,1.94,2.05,2.32,2.53
07/09/2019,2.22,2.24,2.26,2.15,2,1.92,1.88,1.88,1.96,2.07,2.34,2.54
07/10/2019,2.18,2.18,2.2,2.07,1.93,1.82,1.79,1.82,1.93,2.07,2.36,2.57
07/11/2019,2.17,2.17,2.17,2.08,1.97,1.85,1.84,1.88,1.99,2.13,2.42,2.65
07/12/2019,2.16,2.18,2.14,2.07,1.96,1.84,1.81,1.86,1.98,2.12,2.42,2.64
07/15/19,2.17,2.19,2.16,2.06,1.95,1.83,1.8,1.84,1.96,2.09,2.39,2.61
07/16/19,2.16,2.17,2.15,2.06,2,1.87,1.84,1.88,2,2.13,2.42,2.63
07/17/19,2.13,2.14,2.14,2.04,1.95,1.83,1.8,1.83,1.94,2.06,2.35,2.57
07/18/19,2.11,2.12,2.05,2.01,1.9,1.77,1.74,1.78,1.89,2.04,2.34,2.56
07/19/19,2.11,2.16,2.06,2.03,1.94,1.8,1.77,1.8,1.91,2.05,2.35,2.57
07/22/19,2.13,2.16,2.09,2.08,1.95,1.8,1.77,1.8,1.92,2.05,2.36,2.58
07/23/19,2.12,2.15,2.06,2.09,1.97,1.83,1.79,1.83,1.94,2.08,2.38,2.61
07/24/19,2.1,2.14,2.1,2.08,1.98,1.83,1.79,1.82,1.93,2.05,2.36,2.58
07/25/19,2.16,2.17,2.1,2.08,1.99,1.86,1.83,1.85,1.95,2.08,2.38,2.6
07/26/19,2.13,2.15,2.12,2.1,2,1.86,1.83,1.85,1.95,2.08,2.38,2.59
07/29/19,2.12,2.16,2.12,2.1,1.98,1.85,1.81,1.84,1.93,2.06,2.37,2.59
07/30/19,2.07,2.1,2.08,2.07,1.97,1.85,1.82,1.84,1.93,2.06,2.36,2.58
07/31/19,2.01,2.07,2.08,2.1,2,1.89,1.84,1.84,1.92,2.02,2.31,2.53
08/01/2019,2.11,2.14,2.07,2.04,1.88,1.73,1.67,1.68,1.77,1.9,2.21,2.44
08/02/2019,2.11,2.12,2.06,2.02,1.85,1.72,1.67,1.66,1.75,1.86,2.16,2.39
08/05/2019,2.07,2.08,2.05,1.99,1.78,1.59,1.55,1.55,1.63,1.75,2.07,2.3
08/06/2019,2.05,2.08,2.05,2,1.8,1.6,1.54,1.53,1.62,1.73,2.03,2.25
08/07/2019,2.02,2.04,2.02,1.95,1.75,1.59,1.51,1.52,1.6,1.71,2.01,2.22
08/08/2019,2.09,2.07,2.02,1.96,1.79,1.62,1.54,1.54,1.62,1.72,2.02,2.25
08/09/2019,2.05,2.06,2,1.95,1.78,1.63,1.58,1.57,1.65,1.74,2.03,2.26
08/12/2019,2.09,2.06,2,1.94,1.75,1.58,1.51,1.49,1.56,1.65,1.92,2.14
08/13/19,2.05,2.04,2,1.96,1.86,1.66,1.6,1.57,1.62,1.68,1.94,2.15
08/14/19,1.98,1.98,1.96,1.92,1.79,1.58,1.53,1.51,1.55,1.59,1.84,2.03
08/15/19,2.08,1.97,1.91,1.86,1.72,1.48,1.44,1.42,1.47,1.52,1.8,1.98
08/16/19,2.05,1.95,1.87,1.85,1.71,1.48,1.44,1.42,1.49,1.55,1.82,2.01
08/19/19,2.06,1.96,1.94,1.9,1.75,1.53,1.49,1.47,1.54,1.6,1.88,2.08
08/20/19,2.05,1.96,1.94,1.89,1.72,1.5,1.44,1.42,1.49,1.55,1.84,2.04
08/21/19,2.03,1.98,1.97,1.9,1.77,1.56,1.5,1.47,1.54,1.59,1.87,2.07
08/22/19,2.1,2.02,2,1.91,1.79,1.61,1.53,1.5,1.56,1.62,1.9,2.11
08/23/19,2.07,2.02,1.97,1.87,1.73,1.51,1.43,1.4,1.46,1.52,1.82,2.02
08/26/19,2.09,2.03,2.01,1.9,1.75,1.54,1.47,1.43,1.49,1.54,1.84,2.04
08/27/19,2.07,2.03,1.98,1.94,1.77,1.53,1.43,1.4,1.44,1.49,1.77,1.97
08/28/19,2.07,2.04,1.99,1.89,1.74,1.5,1.42,1.37,1.42,1.47,1.76,1.94
08/29/19,2.1,2.03,1.99,1.89,1.75,1.53,1.44,1.4,1.46,1.5,1.78,1.97
08/30/19,2.1,2.04,1.99,1.89,1.76,1.5,1.42,1.39,1.45,1.5,1.78,1.96
09/03/2019,2.06,2.01,1.98,1.88,1.72,1.47,1.38,1.35,1.42,1.47,1.77,1.95
09/04/2019,2.05,2.02,1.97,1.87,1.69,1.43,1.36,1.32,1.4,1.47,1.77,1.97
09/05/2019,2.05,2.01,1.97,1.88,1.73,1.55,1.47,1.43,1.51,1.57,1.86,2.06
09/06/2019,2.05,2,1.96,1.88,1.73,1.53,1.46,1.42,1.5,1.55,1.83,2.02
09/09/2019,2.04,1.99,1.96,1.87,1.74,1.58,1.52,1.49,1.57,1.63,1.91,2.11
09/10/2019,2.04,1.99,1.95,1.89,1.81,1.67,1.61,1.58,1.66,1.72,2,2.19
09/11/2019,2.01,1.97,1.96,1.88,1.79,1.68,1.62,1.6,1.68,1.75,2.02,2.22
09/12/2019,1.99,1.97,1.95,1.9,1.82,1.72,1.67,1.65,1.72,1.79,2.06,2.22
09/13/19,1.99,1.98,1.96,1.92,1.88,1.79,1.76,1.75,1.83,1.9,2.17,2.37
09/16/19,2.08,2.02,1.99,1.93,1.86,1.74,1.71,1.69,1.77,1.84,2.11,2.31
09/17/19,2.1,2.06,1.99,1.93,1.87,1.72,1.68,1.66,1.75,1.81,2.08,2.27
09/18/19,1.94,1.93,1.95,1.91,1.87,1.77,1.72,1.68,1.76,1.8,2.06,2.25
09/19/19,2.01,1.99,1.93,1.92,1.88,1.74,1.68,1.66,1.73,1.79,2.04,2.22
09/20/19,1.95,1.94,1.91,1.91,1.84,1.69,1.63,1.61,1.68,1.74,1.99,2.17
09/23/19,1.94,1.94,1.94,1.93,1.81,1.68,1.61,1.59,1.65,1.72,1.98,2.16
09/24/19,1.9,1.9,1.92,1.91,1.78,1.6,1.53,1.52,1.58,1.64,1.91,2.09
09/25/19,1.8,1.86,1.89,1.9,1.82,1.68,1.61,1.6,1.66,1.73,1.99,2.18
09/26/19,1.91,1.9,1.83,1.88,1.79,1.66,1.61,1.59,1.65,1.7,1.96,2.15
09/27/19,1.9,1.86,1.8,1.85,1.74,1.63,1.58,1.56,1.62,1.69,1.95,2.13
09/30/19,1.91,1.87,1.88,1.83,1.75,1.63,1.56,1.55,1.62,1.68,1.94,2.12
10/01/2019,1.79,1.77,1.82,1.81,1.73,1.56,1.51,1.51,1.59,1.65,1.93,2.11
10/02/2019,1.75,1.75,1.79,1.75,1.67,1.48,1.43,1.43,1.53,1.6,1.9,2.09
10/03/2019,1.78,1.75,1.7,1.66,1.58,1.39,1.34,1.34,1.45,1.54,1.85,2.04
10/04/2019,1.73,1.74,1.71,1.65,1.58,1.4,1.35,1.34,1.43,1.52,1.81,2.01
10/07/2019,1.76,1.76,1.75,1.73,1.64,1.46,1.41,1.38,1.47,1.56,1.85,2.05
10/08/2019,1.69,1.72,1.72,1.69,1.62,1.42,1.38,1.36,1.45,1.54,1.84,2.04
10/09/2019,1.69,1.7,1.69,1.69,1.59,1.47,1.43,1.4,1.5,1.59,1.88,2.08
10/10/2019,1.74,1.71,1.68,1.68,1.63,1.53,1.49,1.48,1.57,1.67,1.96,2.16
10/11/2019,1.76,1.74,1.68,1.68,1.67,1.63,1.6,1.59,1.68,1.76,2.04,2.22
10/15/19,1.74,1.72,1.67,1.67,1.65,1.61,1.6,1.59,1.68,1.77,2.06,2.23
10/16/19,1.71,1.68,1.66,1.64,1.59,1.58,1.57,1.57,1.65,1.75,2.05,2.23
10/17/19,1.74,1.7,1.66,1.63,1.59,1.6,1.57,1.57,1.66,1.76,2.05,2.24
10/18/19,1.75,1.69,1.66,1.63,1.58,1.58,1.56,1.56,1.66,1.76,2.06,2.25
10/21/19,1.76,1.7,1.67,1.65,1.59,1.62,1.59,1.61,1.7,1.8,2.1,2.28
10/22/19,1.75,1.69,1.65,1.64,1.59,1.6,1.59,1.6,1.68,1.78,2.07,2.26
10/23/19,1.74,1.69,1.65,1.64,1.58,1.58,1.58,1.58,1.67,1.77,2.06,2.25
10/24/19,1.75,1.73,1.67,1.65,1.59,1.58,1.58,1.58,1.67,1.77,2.08,2.26
10/25/19,1.73,1.72,1.66,1.66,1.6,1.63,1.62,1.62,1.71,1.8,2.1,2.29
10/28/19,1.74,1.71,1.65,1.65,1.6,1.64,1.65,1.66,1.75,1.85,2.16,2.34
10/29/19,1.66,1.67,1.63,1.64,1.59,1.64,1.65,1.66,1.74,1.84,2.15,2.33
10/30/19,1.61,1.6,1.62,1.62,1.59,1.61,1.6,1.61,1.69,1.78,2.08,2.26
10/31/19,1.59,1.59,1.54,1.57,1.53,1.52,1.52,1.51,1.6,1.69,2,2.17
11/01/2019,1.58,1.58,1.52,1.55,1.53,1.56,1.55,1.55,1.63,1.73,2.03,2.21
11/04/2019,1.58,1.57,1.53,1.57,1.56,1.6,1.59,1.6,1.69,1.79,2.1,2.27
11/05/2019,1.56,1.57,1.56,1.58,1.62,1.63,1.63,1.66,1.77,1.86,2.17,2.34
11/06/2019,1.55,1.56,1.56,1.57,1.58,1.61,1.6,1.63,1.73,1.81,2.13,2.3
11/07/2019,1.57,1.57,1.56,1.58,1.58,1.68,1.7,1.74,1.84,1.92,2.24,2.4
11/08/2019,1.56,1.56,1.55,1.58,1.58,1.68,1.7,1.74,1.86,1.94,2.27,2.43
11/12/2019,1.56,1.56,1.59,1.59,1.58,1.66,1.69,1.73,1.84,1.92,2.24,2.39
11/13/19,1.56,1.57,1.57,1.59,1.57,1.63,1.65,1.69,1.79,1.88,2.2,2.36
11/14/19,1.59,1.57,1.57,1.58,1.55,1.58,1.59,1.63,1.73,1.82,2.15,2.31
11/15/19,1.59,1.56,1.57,1.59,1.54,1.61,1.61,1.65,1.75,1.84,2.16,2.31
11/18/19,1.59,1.57,1.57,1.58,1.54,1.6,1.59,1.63,1.73,1.81,2.14,2.3
11/19/19,1.58,1.57,1.57,1.58,1.54,1.6,1.59,1.63,1.71,1.79,2.11,2.26
11/20/19,1.57,1.56,1.57,1.58,1.54,1.56,1.55,1.58,1.66,1.73,2.05,2.2
11/21/19,1.57,1.57,1.58,1.59,1.55,1.6,1.59,1.62,1.71,1.77,2.09,2.24
11/22/19,1.58,1.59,1.58,1.59,1.56,1.61,1.6,1.62,1.71,1.77,2.08,2.22
11/25/19,1.6,1.6,1.61,1.61,1.58,1.61,1.6,1.62,1.71,1.76,2.07,2.21
11/26/19,1.63,1.61,1.6,1.62,1.59,1.58,1.58,1.58,1.68,1.74,2.04,2.18
11/27/19,1.65,1.6,1.62,1.63,1.6,1.63,1.61,1.63,1.71,1.77,2.06,2.19
11/29/19,1.62,1.6,1.59,1.63,1.6,1.61,1.61,1.62,1.73,1.78,2.07,2.21
12/02/2019,1.6,1.58,1.6,1.62,1.6,1.61,1.63,1.65,1.77,1.83,2.15,2.28
12/03/2019,1.56,1.54,1.57,1.57,1.57,1.53,1.54,1.54,1.65,1.72,2.03,2.17
12/04/2019,1.59,1.54,1.55,1.56,1.56,1.58,1.58,1.6,1.71,1.77,2.08,2.22
12/05/2019,1.52,1.56,1.54,1.55,1.56,1.58,1.6,1.62,1.73,1.8,2.11,2.24
12/06/2019,1.52,1.55,1.53,1.56,1.57,1.61,1.64,1.67,1.78,1.84,2.14,2.29
12/09/2019,1.54,1.54,1.54,1.58,1.56,1.63,1.63,1.67,1.77,1.83,2.13,2.27
12/10/2019,1.53,1.55,1.56,1.57,1.56,1.65,1.67,1.68,1.78,1.85,2.12,2.26
12/11/2019,1.54,1.56,1.57,1.58,1.55,1.61,1.62,1.64,1.74,1.79,2.08,2.23
12/12/2019,1.57,1.57,1.56,1.57,1.55,1.66,1.69,1.73,1.84,1.9,2.18,2.32
12/13/19,1.55,1.57,1.57,1.56,1.54,1.61,1.62,1.66,1.76,1.82,2.11,2.26
12/16/19,1.57,1.57,1.57,1.58,1.54,1.65,1.67,1.72,1.82,1.89,2.17,2.3
12/17/19,1.56,1.56,1.56,1.58,1.53,1.63,1.66,1.71,1.82,1.89,2.18,2.31
12/18/19,1.56,1.57,1.56,1.58,1.54,1.63,1.67,1.74,1.86,1.92,2.22,2.35
12/19/19,1.54,1.58,1.57,1.57,1.52,1.62,1.65,1.73,1.84,1.92,2.21,2.35
12/20/19,1.57,1.59,1.58,1.58,1.52,1.63,1.67,1.73,1.84,1.92,2.21,2.34
12/23/19,1.57,1.57,1.59,1.6,1.53,1.64,1.67,1.75,1.86,1.93,2.22,2.35
12/24/19,1.55,1.58,1.58,1.61,1.53,1.62,1.64,1.72,1.83,1.9,2.2,2.33
12/26/19,1.59,1.6,1.58,1.61,1.53,1.64,1.65,1.72,1.85,1.9,2.19,2.33
12/27/19,1.56,1.56,1.57,1.59,1.51,1.59,1.6,1.68,1.8,1.88,2.18,2.32
12/30/19,1.51,1.53,1.57,1.6,1.57,1.58,1.59,1.68,1.81,1.9,2.21,2.34
12/31/19,1.48,1.51,1.55,1.6,1.59,1.58,1.62,1.69,1.83,1.92,2.25,2.39
01/02/2020,1.53,1.55,1.54,1.57,1.56,1.58,1.59,1.67,1.79,1.88,2.19,2.33
01/03/2020,1.52,1.55,1.52,1.55,1.55,1.53,1.54,1.59,1.71,1.8,2.11,2.26
01/06/2020,1.54,1.54,1.56,1.56,1.54,1.54,1.56,1.61,1.72,1.81,2.13,2.28
01/07/2020,1.52,1.53,1.54,1.56,1.53,1.54,1.55,1.62,1.74,1.83,2.16,2.31
01/08/2020,1.5,1.53,1.54,1.56,1.55,1.58,1.61,1.67,1.78,1.87,2.21,2.35
01/09/2020,1.53,1.55,1.54,1.56,1.54,1.58,1.59,1.65,1.77,1.85,2.17,2.38
01/10/2020,1.52,1.55,1.54,1.55,1.53,1.56,1.59,1.63,1.74,1.83,2.14,2.28
01/13/20,1.54,1.56,1.57,1.57,1.53,1.58,1.6,1.65,1.76,1.85,2.16,2.3
01/14/20,1.53,1.56,1.57,1.57,1.53,1.58,1.59,1.63,1.74,1.82,2.12,2.27
01/15/20,1.53,1.56,1.57,1.58,1.54,1.56,1.56,1.6,1.71,1.79,2.09,2.23
01/16/20,1.54,1.56,1.55,1.56,1.54,1.58,1.58,1.63,1.73,1.81,2.11,2.26
01/17/20,1.54,1.56,1.56,1.57,1.56,1.58,1.56,1.63,1.74,1.84,2.16,2.29
01/21/20,1.52,1.54,1.56,1.57,1.54,1.53,1.53,1.57,1.69,1.78,2.1,2.23
01/22/20,1.52,1.53,1.55,1.56,1.55,1.53,1.52,1.57,1.68,1.77,2.07,2.22
01/23/20,1.55,1.57,1.55,1.56,1.55,1.51,1.51,1.55,1.65,1.74,2.03,2.18
01/24/20,1.54,1.55,1.54,1.55,1.55,1.49,1.48,1.51,1.61,1.7,2,2.14
01/27/20,1.53,1.55,1.55,1.57,1.53,1.44,1.41,1.44,1.52,1.61,1.91,2.05
01/28/20,1.53,1.57,1.57,1.58,1.53,1.45,1.45,1.47,1.56,1.65,1.95,2.1
01/29/20,1.52,1.55,1.56,1.57,1.51,1.42,1.39,1.41,1.51,1.6,1.89,2.05
01/30/20,1.59,1.58,1.57,1.57,1.48,1.41,1.37,1.39,1.49,1.57,1.88,2.04
01/31/20,1.56,1.57,1.55,1.54,1.45,1.33,1.3,1.32,1.42,1.51,1.83,1.99
02/03/2020,1.56,1.57,1.57,1.56,1.46,1.36,1.34,1.35,1.45,1.54,1.84,2.01
02/04/2020,1.55,1.57,1.57,1.57,1.48,1.41,1.4,1.42,1.52,1.61,1.91,2.08
02/05/2020,1.55,1.56,1.57,1.57,1.49,1.44,1.43,1.46,1.57,1.66,1.97,2.14
02/06/2020,1.59,1.59,1.57,1.58,1.51,1.44,1.43,1.45,1.56,1.65,1.94,2.11
02/07/2020,1.57,1.58,1.56,1.57,1.49,1.41,1.39,1.41,1.51,1.59,1.89,2.05
02/10/2020,1.58,1.58,1.58,1.58,1.45,1.37,1.36,1.38,1.47,1.56,1.87,2.03
02/11/2020,1.57,1.58,1.57,1.55,1.48,1.41,1.39,1.4,1.5,1.59,1.89,2.05
02/12/2020,1.57,1.59,1.58,1.56,1.49,1.44,1.42,1.45,1.55,1.62,1.93,2.09
02/13/20,1.59,1.59,1.59,1.56,1.48,1.44,1.42,1.43,1.53,1.61,1.91,2.07
02/14/20,1.6,1.6,1.58,1.56,1.49,1.42,1.4,1.42,1.51,1.59,1.89,2.04
02/18/20,1.61,1.6,1.58,1.56,1.47,1.41,1.37,1.39,1.48,1.55,1.85,2
02/19/20,1.61,1.61,1.58,1.56,1.47,1.42,1.39,1.41,1.5,1.56,1.86,2.01
02/20/20,1.61,1.6,1.58,1.55,1.46,1.39,1.35,1.37,1.45,1.52,1.81,1.97
02/21/20,1.6,1.6,1.56,1.53,1.43,1.34,1.3,1.3,1.39,1.46,1.75,1.9
02/24/20,1.6,1.59,1.53,1.49,1.35,1.26,1.21,1.21,1.3,1.38,1.68,1.84
02/25/20,1.59,1.58,1.53,1.47,1.3,1.2,1.16,1.16,1.25,1.33,1.63,1.8
02/26/20,1.59,1.56,1.53,1.42,1.26,1.16,1.14,1.14,1.25,1.33,1.64,1.81
02/27/20,1.56,1.53,1.45,1.33,1.18,1.11,1.08,1.11,1.22,1.3,1.61,1.79
02/28/20,1.45,1.37,1.27,1.11,0.97,0.86,0.85,0.89,1.03,1.13,1.46,1.65
03/02/2020,1.41,1.27,1.13,0.95,0.89,0.84,0.85,0.88,1.01,1.1,1.46,1.66
03/03/2020,1.11,1.05,0.95,0.83,0.73,0.71,0.72,0.77,0.91,1.02,1.44,1.64
03/04/2020,1,0.87,0.72,0.68,0.59,0.67,0.68,0.75,0.9,1.02,1.45,1.67
03/05/2020,0.92,0.83,0.62,0.53,0.48,0.59,0.61,0.67,0.81,0.92,1.34,1.56
03/06/2020,0.79,0.64,0.45,0.41,0.39,0.49,0.53,0.58,0.69,0.74,1.09,1.25
03/09/2020,0.57,0.52,0.33,0.27,0.31,0.38,0.4,0.46,0.56,0.54,0.87,0.99
03/10/2020,0.57,0.55,0.44,0.43,0.43,0.5,0.58,0.63,0.73,0.76,1.16,1.28
03/11/2020,0.42,0.42,0.42,0.4,0.4,0.5,0.58,0.66,0.78,0.82,1.13,1.3
03/12/2020,0.41,0.33,0.33,0.37,0.39,0.5,0.58,0.66,0.82,0.88,1.27,1.49
03/13/20,0.33,0.3,0.28,0.38,0.38,0.49,0.58,0.7,0.89,0.94,1.31,1.56
03/16/20,0.25,0.25,0.24,0.29,0.29,0.36,0.43,0.49,0.67,0.73,1.1,1.34
03/17/20,0.12,0.18,0.19,0.24,0.3,0.47,0.54,0.66,0.91,1.02,1.45,1.63
03/18/20,0.04,0.03,0.02,0.08,0.21,0.54,0.66,0.79,1.08,1.18,1.6,1.77
03/19/20,0.04,0.04,0.04,0.06,0.2,0.44,0.53,0.66,1,1.12,1.56,1.78
03/20/20,0.04,0.05,0.05,0.05,0.15,0.37,0.41,0.52,0.82,0.92,1.35,1.55
03/23/20,0.01,0.04,0.02,0.08,0.17,0.28,0.31,0.38,0.63,0.76,1.12,1.33
03/24/20,0.01,0.01,0.01,0.09,0.25,0.38,0.44,0.52,0.75,0.84,1.19,1.39
03/25/20,0,0,0,0.07,0.19,0.34,0.41,0.56,0.77,0.88,1.23,1.45
03/26/20,0.01,0.01,0,0.04,0.13,0.3,0.36,0.51,0.72,0.83,1.2,1.42
03/27/20,0.01,0.03,0.03,0.02,0.11,0.25,0.3,0.41,0.6,0.72,1.09,1.29
03/30/20,0.04,0.07,0.12,0.12,0.14,0.23,0.29,0.39,0.57,0.7,1.1,1.31
03/31/20,0.05,0.12,0.11,0.15,0.17,0.23,0.29,0.37,0.55,0.7,1.15,1.35
04/01/2020,0.03,0.07,0.09,0.14,0.16,0.23,0.28,0.37,0.51,0.62,1.04,1.27
04/02/2020,0.09,0.1,0.09,0.15,0.14,0.23,0.29,0.39,0.53,0.63,1.04,1.26
04/03/2020,0.09,0.11,0.1,0.15,0.15,0.23,0.3,0.39,0.52,0.62,1.05,1.24
04/06/2020,0.09,0.13,0.15,0.17,0.2,0.27,0.35,0.44,0.58,0.67,1.08,1.27
04/07/2020,0.1,0.13,0.14,0.2,0.2,0.28,0.36,0.48,0.64,0.75,1.13,1.32
04/08/2020,0.14,0.17,0.22,0.24,0.23,0.27,0.34,0.47,0.65,0.77,1.18,1.37
04/09/2020,0.2,0.27,0.25,0.24,0.25,0.23,0.29,0.41,0.6,0.73,1.15,1.35
04/13/20,0.17,0.29,0.26,0.27,0.27,0.25,0.31,0.44,0.63,0.76,1.19,1.39
04/14/20,0.17,0.19,0.2,0.24,0.25,0.23,0.29,0.42,0.61,0.76,1.19,1.41
04/15/20,0.14,0.15,0.14,0.19,0.19,0.2,0.24,0.34,0.49,0.63,1.06,1.27
04/16/20,0.14,0.15,0.14,0.18,0.17,0.2,0.25,0.35,0.5,0.61,1.01,1.21
04/17/20,0.12,0.12,0.12,0.16,0.16,0.2,0.26,0.36,0.53,0.65,1.08,1.27
04/20/20,0.1,0.1,0.12,0.15,0.15,0.2,0.26,0.35,0.51,0.63,1.04,1.23
04/21/20,0.08,0.08,0.11,0.14,0.17,0.2,0.24,0.34,0.48,0.58,0.98,1.17
04/22/20,0.09,0.09,0.12,0.14,0.16,0.22,0.26,0.37,0.52,0.63,1.03,1.22
04/23/20,0.09,0.12,0.11,0.14,0.17,0.22,0.26,0.37,0.51,0.61,0.99,1.18
04/24/20,0.1,0.11,0.12,0.14,0.18,0.22,0.26,0.36,0.51,0.6,0.98,1.17
04/27/20,0.09,0.13,0.12,0.15,0.17,0.24,0.29,0.41,0.56,0.67,1.06,1.25
04/28/20,0.08,0.09,0.11,0.13,0.16,0.2,0.26,0.37,0.52,0.62,1,1.2
04/29/20,0.1,0.09,0.1,0.12,0.18,0.2,0.24,0.36,0.52,0.63,1.02,1.24
04/30/20,0.1,0.1,0.09,0.11,0.16,0.2,0.24,0.36,0.53,0.64,1.05,1.28
05/01/2020,0.1,0.11,0.12,0.12,0.17,0.2,0.25,0.36,0.53,0.64,1.04,1.27
05/04/2020,0.1,0.1,0.13,0.14,0.16,0.19,0.24,0.36,0.52,0.64,1.05,1.29
05/05/2020,0.09,0.11,0.13,0.15,0.16,0.19,0.24,0.36,0.53,0.66,1.07,1.32
05/06/2020,0.08,0.1,0.12,0.16,0.16,0.17,0.24,0.37,0.57,0.72,1.16,1.41
05/07/2020,0.1,0.11,0.11,0.14,0.15,0.13,0.19,0.29,0.49,0.63,1.05,1.31
05/08/2020,0.1,0.11,0.12,0.15,0.15,0.16,0.21,0.33,0.53,0.69,1.12,1.39
05/11/2020,0.09,0.11,0.12,0.16,0.16,0.17,0.24,0.36,0.56,0.73,1.16,1.43
05/12/2020,0.1,0.11,0.13,0.16,0.16,0.17,0.22,0.34,0.53,0.69,1.11,1.38
05/13/20,0.1,0.1,0.13,0.15,0.15,0.16,0.2,0.31,0.5,0.64,1.07,1.35
05/14/20,0.09,0.1,0.12,0.15,0.15,0.16,0.2,0.31,0.48,0.63,1.03,1.3
05/15/20,0.09,0.09,0.12,0.15,0.15,0.16,0.19,0.31,0.49,0.64,1.05,1.32
05/18/20,0.1,0.11,0.13,0.15,0.17,0.18,0.24,0.38,0.57,0.73,1.17,1.44
05/19/20,0.09,0.11,0.13,0.15,0.16,0.17,0.22,0.35,0.54,0.7,1.15,1.43
05/20/20,0.08,0.11,0.12,0.14,0.16,0.16,0.21,0.34,0.53,0.68,1.19,1.4
05/21/20,0.09,0.11,0.12,0.14,0.16,0.17,0.21,0.35,0.53,0.68,1.16,1.4
05/22/20,0.09,0.11,0.12,0.16,0.17,0.17,0.21,0.34,0.51,0.66,1.12,1.37
05/26/20,0.1,0.12,0.14,0.17,0.17,0.18,0.22,0.35,0.53,0.69,1.19,1.43
05/27/20,0.11,0.14,0.15,0.17,0.18,0.19,0.22,0.34,0.52,0.68,1.19,1.44
05/28/20,0.14,0.15,0.15,0.18,0.17,0.17,0.22,0.34,0.54,0.7,1.23,1.47
05/29/20,0.13,0.14,0.14,0.18,0.17,0.16,0.19,0.3,0.5,0.65,1.18,1.41
06/01/2020,0.12,0.14,0.14,0.18,0.17,0.14,0.2,0.31,0.5,0.66,1.22,1.46
06/02/2020,0.12,0.13,0.15,0.18,0.17,0.17,0.2,0.32,0.52,0.68,1.24,1.48
06/03/2020,0.12,0.14,0.16,0.19,0.17,0.19,0.26,0.38,0.59,0.77,1.32,1.56
06/04/2020,0.13,0.15,0.15,0.18,0.17,0.19,0.26,0.4,0.63,0.82,1.38,1.61
06/05/2020,0.13,0.14,0.15,0.18,0.18,0.22,0.29,0.47,0.71,0.91,1.46,1.68
06/08/2020,0.15,0.15,0.17,0.19,0.19,0.22,0.29,0.45,0.69,0.88,1.43,1.65
06/09/2020,0.14,0.17,0.19,0.19,0.19,0.2,0.25,0.4,0.65,0.84,1.37,1.59
06/10/2020,0.13,0.16,0.17,0.19,0.18,0.17,0.22,0.33,0.56,0.75,1.31,1.53
06/11/2020,0.14,0.16,0.17,0.18,0.19,0.19,0.22,0.32,0.51,0.66,1.19,1.41
06/12/2020,0.14,0.15,0.16,0.18,0.18,0.19,0.22,0.33,0.54,0.71,1.24,1.45
06/15/20,0.15,0.16,0.18,0.19,0.17,0.19,0.22,0.33,0.54,0.71,1.24,1.45
06/16/20,0.14,0.15,0.17,0.19,0.18,0.21,0.23,0.34,0.56,0.75,1.31,1.54
06/17/20,0.13,0.15,0.17,0.18,0.19,0.19,0.23,0.34,0.55,0.74,1.3,1.52
06/18/20,0.13,0.14,0.16,0.17,0.19,0.19,0.22,0.34,0.54,0.71,1.24,1.47
06/19/20,0.13,0.14,0.15,0.17,0.18,0.19,0.22,0.33,0.53,0.7,1.23,1.47
06/22/20,0.14,0.15,0.16,0.18,0.17,0.19,0.22,0.34,0.54,0.71,1.23,1.46
06/23/20,0.12,0.14,0.16,0.17,0.18,0.18,0.22,0.33,0.54,0.72,1.25,1.49
06/24/20,0.11,0.14,0.15,0.17,0.17,0.19,0.21,0.33,0.52,0.69,1.21,1.44
06/25/20,0.13,0.14,0.16,0.17,0.17,0.17,0.21,0.32,0.53,0.68,1.2,1.43
06/26/20,0.12,0.15,0.14,0.17,0.17,0.17,0.19,0.3,0.49,0.64,1.15,1.37
06/29/20,0.11,0.14,0.14,0.18,0.16,0.16,0.18,0.28,0.47,0.64,1.16,1.39
06/30/20,0.13,0.14,0.16,0.18,0.16,0.16,0.18,0.29,0.49,0.66,1.18,1.41
07/01/2020,0.12,0.12,0.14,0.17,0.16,0.17,0.19,0.31,0.52,0.69,1.2,1.43
07/02/2020,0.13,0.14,0.14,0.16,0.16,0.16,0.19,0.29,0.5,0.68,1.2,1.43
07/06/2020,0.12,0.14,0.15,0.16,0.16,0.16,0.19,0.31,0.51,0.69,1.21,1.45
07/07/2020,0.12,0.14,0.15,0.17,0.15,0.16,0.19,0.29,0.48,0.65,1.15,1.38
07/08/2020,0.11,0.13,0.15,0.17,0.15,0.16,0.19,0.3,0.49,0.67,1.16,1.39
07/09/2020,0.11,0.12,0.13,0.16,0.15,0.16,0.18,0.28,0.46,0.62,1.09,1.32
07/10/2020,0.1,0.12,0.13,0.15,0.15,0.16,0.19,0.3,0.49,0.65,1.12,1.33
07/13/20,0.11,0.12,0.14,0.15,0.16,0.16,0.19,0.3,0.48,0.64,1.11,1.33
07/14/20,0.11,0.14,0.15,0.14,0.17,0.14,0.19,0.28,0.47,0.63,1.09,1.3
07/15/20,0.12,0.13,0.16,0.15,0.15,0.16,0.18,0.28,0.47,0.64,1.11,1.33
07/16/20,0.12,0.11,0.11,0.13,0.14,0.16,0.17,0.28,0.46,0.62,1.09,1.31
07/17/20,0.11,0.11,0.11,0.13,0.14,0.14,0.18,0.29,0.47,0.64,1.11,1.33
07/20/20,0.11,0.12,0.13,0.14,0.14,0.16,0.18,0.29,0.47,0.62,1.1,1.32
07/21/20,0.09,0.11,0.13,0.13,0.15,0.14,0.17,0.27,0.45,0.61,1.09,1.31
07/22/20,0.09,0.12,0.13,0.14,0.14,0.14,0.17,0.27,0.45,0.6,1.08,1.29
07/23/20,0.09,0.11,0.12,0.13,0.14,0.16,0.16,0.27,0.44,0.59,1.03,1.24
07/24/20,0.1,0.11,0.11,0.14,0.16,0.14,0.17,0.27,0.44,0.59,1.03,1.23
07/27/20,0.1,0.1,0.11,0.14,0.14,0.15,0.18,0.3,0.46,0.62,1.05,1.25
07/28/20,0.09,0.11,0.11,0.12,0.14,0.14,0.16,0.26,0.44,0.59,1.01,1.22
07/29/20,0.09,0.1,0.11,0.12,0.13,0.12,0.15,0.25,0.43,0.58,1.03,1.24
07/30/20,0.1,0.1,0.09,0.11,0.11,0.11,0.14,0.23,0.4,0.55,0.98,1.2
07/31/20,0.09,0.09,0.09,0.1,0.11,0.11,0.11,0.21,0.39,0.55,0.98,1.2
08/03/2020,0.09,0.09,0.1,0.11,0.12,0.11,0.13,0.22,0.4,0.56,1.01,1.23
08/04/2020,0.09,0.09,0.09,0.11,0.14,0.11,0.1,0.19,0.36,0.52,0.96,1.19
08/05/2020,0.08,0.09,0.1,0.12,0.12,0.11,0.13,0.22,0.39,0.55,1,1.22
08/06/2020,0.07,0.11,0.1,0.11,0.14,0.11,0.13,0.21,0.39,0.55,0.98,1.2
08/07/2020,0.08,0.09,0.1,0.12,0.14,0.13,0.14,0.23,0.41,0.57,1.01,1.23
08/10/2020,0.09,0.11,0.11,0.13,0.13,0.14,0.15,0.24,0.42,0.59,1.04,1.25
08/11/2020,0.08,0.1,0.11,0.12,0.15,0.16,0.18,0.27,0.46,0.64,1.1,1.32
08/12/2020,0.08,0.1,0.11,0.12,0.13,0.16,0.19,0.3,0.5,0.69,1.15,1.37
08/13/20,0.08,0.1,0.1,0.12,0.14,0.16,0.19,0.32,0.52,0.71,1.2,1.42
08/14/20,0.09,0.1,0.1,0.12,0.13,0.14,0.18,0.29,0.51,0.71,1.21,1.45
08/17/20,0.09,0.1,0.1,0.12,0.13,0.14,0.18,0.29,0.49,0.69,1.19,1.43
08/18/20,0.08,0.09,0.09,0.13,0.13,0.14,0.17,0.27,0.47,0.67,1.16,1.4
08/19/20,0.07,0.09,0.11,0.12,0.13,0.14,0.17,0.29,0.48,0.68,1.2,1.42
08/20/20,0.08,0.09,0.11,0.13,0.12,0.13,0.15,0.26,0.46,0.65,1.15,1.38
08/21/20,0.07,0.09,0.1,0.12,0.13,0.16,0.16,0.27,0.46,0.64,1.13,1.35
08/24/20,0.09,0.1,0.12,0.12,0.14,0.14,0.18,0.28,0.47,0.65,1.14,1.35
08/25/20,0.08,0.1,0.11,0.12,0.13,0.15,0.18,0.3,0.49,0.69,1.18,1.39
08/26/20,0.08,0.1,0.11,0.12,0.12,0.16,0.18,0.28,0.5,0.69,1.2,1.41
08/27/20,0.09,0.1,0.11,0.11,0.13,0.16,0.19,0.31,0.53,0.74,1.28,1.5
08/28/20,0.09,0.09,0.1,0.11,0.12,0.14,0.16,0.28,0.51,0.74,1.29,1.52
08/31/20,0.08,0.1,0.11,0.13,0.12,0.14,0.15,0.28,0.5,0.72,1.26,1.49
09/01/2020,0.09,0.11,0.12,0.13,0.12,0.13,0.14,0.26,0.46,0.68,1.2,1.43
09/02/2020,0.1,0.1,0.12,0.12,0.13,0.14,0.16,0.26,0.45,0.66,1.16,1.38
09/03/2020,0.1,0.11,0.11,0.12,0.12,0.13,0.15,0.24,0.43,0.63,1.13,1.34
09/04/2020,0.09,0.1,0.11,0.12,0.13,0.14,0.18,0.3,0.5,0.72,1.25,1.46
09/08/2020,0.1,0.1,0.13,0.14,0.15,0.14,0.17,0.28,0.47,0.69,1.22,1.43
09/09/2020,0.1,0.11,0.12,0.14,0.14,0.14,0.17,0.28,0.48,0.71,1.25,1.45
09/10/2020,0.1,0.11,0.12,0.12,0.15,0.14,0.17,0.26,0.46,0.68,1.22,1.43
09/11/2020,0.1,0.11,0.11,0.12,0.13,0.13,0.16,0.26,0.45,0.67,1.21,1.42
09/14/20,0.1,0.11,0.11,0.13,0.14,0.14,0.16,0.27,0.46,0.68,1.21,1.42
09/15/20,0.09,0.1,0.11,0.12,0.13,0.14,0.16,0.27,0.46,0.68,1.21,1.43
09/16/20,0.08,0.11,0.12,0.12,0.12,0.14,0.16,0.28,0.47,0.69,1.23,1.45
09/17/20,0.09,0.09,0.09,0.11,0.12,0.13,0.16,0.28,0.47,0.69,1.22,1.43
09/18/20,0.09,0.1,0.1,0.12,0.13,0.14,0.16,0.29,0.48,0.7,1.24,1.45
09/21/20,0.09,0.1,0.1,0.11,0.12,0.14,0.16,0.27,0.46,0.68,1.22,1.43
09/22/20,0.08,0.09,0.1,0.11,0.12,0.13,0.15,0.27,0.46,0.68,1.21,1.42
09/23/20,0.08,0.09,0.11,0.11,0.13,0.14,0.15,0.28,0.46,0.68,1.21,1.42
09/24/20,0.08,0.09,0.1,0.11,0.12,0.14,0.16,0.27,0.46,0.67,1.19,1.4
09/25/20,0.08,0.09,0.1,0.11,0.12,0.12,0.15,0.26,0.45,0.66,1.19,1.4
09/28/20,0.09,0.1,0.11,0.11,0.12,0.14,0.16,0.26,0.46,0.67,1.2,1.42
09/29/20,0.07,0.08,0.09,0.11,0.12,0.11,0.13,0.24,0.44,0.66,1.19,1.41
09/30/20,0.08,0.08,0.1,0.11,0.12,0.13,0.16,0.28,0.47,0.69,1.23,1.46
10/01/2020,0.09,0.09,0.09,0.1,0.12,0.14,0.16,0.27,0.46,0.68,1.23,1.45
10/02/2020,0.1,0.09,0.09,0.11,0.12,0.13,0.16,0.28,0.48,0.7,1.25,1.48
10/05/2020,0.09,0.1,0.1,0.11,0.12,0.14,0.19,0.33,0.55,0.78,1.34,1.57
10/06/2020,0.08,0.09,0.1,0.11,0.14,0.14,0.17,0.32,0.53,0.76,1.33,1.56
10/07/2020,0.08,0.09,0.1,0.12,0.13,0.16,0.21,0.35,0.56,0.81,1.37,1.6
10/08/2020,0.09,0.09,0.09,0.12,0.13,0.13,0.18,0.33,0.54,0.78,1.34,1.57
10/09/2020,0.1,0.11,0.1,0.12,0.15,0.16,0.2,0.34,0.55,0.79,1.34,1.58
10/13/20,0.09,0.09,0.11,0.12,0.13,0.16,0.18,0.31,0.52,0.74,1.29,1.52
10/14/20,0.1,0.1,0.12,0.12,0.13,0.14,0.18,0.3,0.51,0.73,1.28,1.5
10/15/20,0.1,0.1,0.11,0.12,0.12,0.14,0.18,0.32,0.52,0.74,1.29,1.52
10/16/20,0.09,0.1,0.11,0.12,0.12,0.14,0.18,0.32,0.53,0.76,1.3,1.52
10/19/20,0.09,0.1,0.11,0.11,0.13,0.16,0.19,0.34,0.54,0.78,1.32,1.55
10/20/20,0.08,0.09,0.1,0.12,0.13,0.14,0.19,0.34,0.57,0.81,1.37,1.6
10/21/20,0.08,0.09,0.1,0.12,0.13,0.14,0.2,0.36,0.58,0.83,1.4,1.62
10/22/20,0.09,0.09,0.09,0.11,0.13,0.16,0.21,0.38,0.62,0.87,1.43,1.67
10/23/20,0.08,0.09,0.1,0.11,0.12,0.18,0.21,0.37,0.61,0.85,1.41,1.64
10/26/20,0.08,0.09,0.11,0.12,0.12,0.16,0.18,0.35,0.58,0.81,1.37,1.59
10/27/20,0.08,0.09,0.1,0.11,0.12,0.16,0.19,0.34,0.56,0.79,1.34,1.57
10/28/20,0.07,0.09,0.1,0.11,0.12,0.16,0.19,0.34,0.56,0.79,1.34,1.56
10/29/20,0.08,0.1,0.09,0.1,0.12,0.16,0.2,0.38,0.61,0.85,1.39,1.62
10/30/20,0.08,0.09,0.09,0.11,0.13,0.14,0.19,0.38,0.64,0.88,1.43,1.65
11/02/2020,0.09,0.09,0.09,0.11,0.13,0.16,0.2,0.38,0.63,0.87,1.41,1.63
11/03/2020,0.09,0.1,0.1,0.12,0.14,0.17,0.21,0.39,0.65,0.9,1.44,1.66
11/04/2020,0.08,0.09,0.1,0.1,0.12,0.14,0.18,0.33,0.55,0.78,1.33,1.55
11/05/2020,0.09,0.1,0.1,0.1,0.12,0.14,0.18,0.33,0.56,0.79,1.32,1.54
11/06/2020,0.1,0.1,0.1,0.11,0.12,0.16,0.21,0.36,0.59,0.83,1.37,1.6
11/09/2020,0.1,0.1,0.11,0.11,0.12,0.17,0.25,0.44,0.7,0.96,1.51,1.73
11/10/2020,0.09,0.09,0.1,0.11,0.12,0.19,0.26,0.46,0.72,0.98,1.53,1.75
11/12/2020,0.1,0.11,0.1,0.1,0.13,0.17,0.23,0.4,0.64,0.88,1.42,1.64
11/13/20,0.1,0.09,0.09,0.1,0.12,0.17,0.23,0.41,0.65,0.89,1.43,1.65
11/16/20,0.09,0.1,0.09,0.12,0.12,0.19,0.24,0.41,0.66,0.91,1.44,1.66
11/17/20,0.08,0.08,0.09,0.1,0.12,0.18,0.22,0.39,0.63,0.87,1.4,1.62
11/18/20,0.07,0.09,0.09,0.1,0.11,0.16,0.22,0.4,0.64,0.88,1.42,1.62
11/19/20,0.08,0.08,0.07,0.1,0.11,0.18,0.22,0.39,0.63,0.86,1.38,1.58
11/20/20,0.09,0.09,0.07,0.1,0.11,0.16,0.21,0.38,0.62,0.83,1.33,1.53
11/23/20,0.08,0.08,0.08,0.08,0.1,0.16,0.22,0.39,0.64,0.86,1.36,1.56
11/24/20,0.08,0.08,0.09,0.1,0.11,0.16,0.22,0.39,0.65,0.88,1.4,1.6
11/25/20,0.07,0.07,0.09,0.09,0.11,0.17,0.21,0.39,0.65,0.88,1.41,1.62
11/27/20,0.09,0.09,0.09,0.1,0.11,0.16,0.2,0.37,0.61,0.84,1.36,1.57
11/30/20,0.08,0.08,0.08,0.09,0.11,0.16,0.19,0.36,0.62,0.84,1.37,1.58
12/01/2020,0.07,0.07,0.09,0.1,0.12,0.17,0.22,0.42,0.68,0.92,1.46,1.66
12/02/2020,0.07,0.08,0.09,0.1,0.11,0.16,0.22,0.42,0.69,0.95,1.5,1.7
12/03/2020,0.08,0.08,0.08,0.09,0.1,0.16,0.21,0.4,0.67,0.92,1.46,1.67
12/04/2020,0.07,0.07,0.09,0.1,0.11,0.16,0.21,0.42,0.7,0.97,1.53,1.73
12/07/2020,0.09,0.08,0.08,0.1,0.1,0.14,0.2,0.4,0.67,0.94,1.49,1.69
12/08/2020,0.08,0.08,0.09,0.09,0.1,0.14,0.2,0.39,0.65,0.92,1.46,1.67
12/09/2020,0.07,0.07,0.08,0.09,0.1,0.16,0.21,0.41,0.68,0.95,1.48,1.69
12/10/2020,0.07,0.08,0.08,0.09,0.1,0.14,0.2,0.39,0.65,0.92,1.44,1.65
12/11/2020,0.08,0.08,0.08,0.08,0.1,0.11,0.18,0.37,0.63,0.9,1.42,1.63
12/14/20,0.07,0.08,0.09,0.08,0.1,0.13,0.17,0.37,0.63,0.9,1.43,1.63
12/15/20,0.07,0.08,0.08,0.08,0.09,0.11,0.18,0.37,0.64,0.92,1.45,1.65
12/16/20,0.08,0.08,0.09,0.09,0.09,0.13,0.18,0.37,0.64,0.92,1.46,1.66
12/17/20,0.08,0.09,0.08,0.09,0.09,0.13,0.19,0.38,0.66,0.94,1.47,1.68
12/18/20,0.08,0.08,0.08,0.09,0.09,0.13,0.19,0.39,0.67,0.95,1.49,1.7
12/21/20,0.08,0.09,0.09,0.09,0.09,0.13,0.18,0.39,0.66,0.95,1.48,1.68
12/22/20,0.07,0.09,0.09,0.09,0.09,0.13,0.17,0.37,0.64,0.93,1.45,1.65
12/23/20,0.07,0.08,0.09,0.09,0.09,0.13,0.18,0.38,0.67,0.96,1.49,1.7
12/24/20,0.09,0.09,0.09,0.09,0.1,0.13,0.17,0.37,0.66,0.94,1.46,1.66
